"","fips","beds_licensed","beds_staffed","beds_ICU","beds_ICU_adult","beds_ICU_pediatric"
"1",1001,85,55,6,6,0
"2",1003,386,362,51,51,0
"3",1005,74,30,5,5,0
"4",1007,35,25,4,4,0
"5",1009,25,25,6,6,0
"6",1011,61,30,5,5,0
"7",1013,72,44,7,7,0
"8",1015,486,413,30,30,0
"9",1017,115,0,15,15,0
"10",1019,60,45,8,8,0
"11",1021,30,26,6,6,0
"12",1023,25,25,4,4,0
"13",1025,85,56,10,10,0
"14",1027,45,46,4,4,0
"15",1031,131,99,7,7,0
"16",1033,383,300,22,22,0
"17",1035,58,44,8,8,0
"18",1039,187,128,13,13,0
"19",1041,93,57,5,5,0
"20",1043,185,185,12,12,0
"21",1045,89,77,6,6,0
"22",1047,175,109,23,23,0
"23",1049,134,97,12,12,0
"24",1051,138,70,11,11,0
"25",1053,142,95,14,14,0
"26",1055,739,590,85,85,0
"27",1057,61,45,8,8,0
"28",1059,125,74,11,11,0
"29",1061,83,73,6,6,0
"30",1063,20,20,4,4,0
"31",1065,39,28,5,5,0
"32",1069,790,769,72,72,22
"33",1071,170,92,10,10,0
"34",1073,4768,3779,393,393,264
"35",1077,263,233,36,36,0
"36",1079,98,43,6,6,0
"37",1081,314,372,20,20,0
"38",1083,102,97,18,18,0
"39",1087,143,143,0,0,0
"40",1089,1241,1240,99,99,49
"41",1091,99,37,5,5,0
"42",1093,120,97,8,8,0
"43",1095,150,150,20,20,0
"44",1097,1930,1490,246,246,118
"45",1099,94,49,8,8,0
"46",1101,1204,1018,86,86,65
"47",1103,273,200,23,23,0
"48",1109,97,97,9,9,0
"49",1111,15,15,3,3,0
"50",1113,128,105,10,10,0
"51",1115,40,40,6,6,0
"52",1117,286,246,32,32,0
"53",1119,33,33,6,6,0
"54",1121,290,207,14,14,0
"55",1123,127,80,14,14,0
"56",1125,1003,777,57,57,51
"57",1127,267,207,12,12,0
"58",1129,25,15,3,3,0
"59",1131,30,21,4,4,0
"60",1133,49,49,4,4,0
"61",2020,1102,979,109,109,76
"62",2050,50,34,6,6,0
"63",2070,16,16,3,3,0
"64",2090,175,145,13,13,0
"65",2110,73,45,9,9,0
"66",2122,77,76,11,11,0
"67",2130,25,25,4,4,0
"68",2150,25,24,4,4,0
"69",2170,125,74,14,14,0
"70",2180,18,18,3,3,0
"71",2185,10,20,3,3,0
"72",2188,17,17,3,3,0
"73",2195,12,12,2,2,0
"74",2220,25,25,4,4,0
"75",2261,24,24,4,4,0
"76",2275,8,8,1,1,0
"77",4001,162,162,29,29,0
"78",4003,160,135,22,22,0
"79",4005,418,396,61,61,18
"80",4007,50,50,8,8,0
"81",4009,176,57,10,10,0
"82",4012,42,42,6,6,0
"83",4013,11544,9775,1137,1137,335
"84",4015,610,551,80,80,0
"85",4017,188,176,24,24,0
"86",4019,3367,2860,377,377,159
"87",4021,306,401,39,39,0
"88",4023,25,25,4,4,0
"89",4025,385,302,43,43,0
"90",4027,456,447,42,42,20
"91",5001,74,74,13,13,0
"92",5003,33,25,6,6,0
"93",5005,268,170,17,17,0
"94",5007,342,311,34,34,8
"95",5009,174,120,24,24,0
"96",5011,33,25,4,4,0
"97",5015,40,40,8,8,0
"98",5017,35,35,4,4,0
"99",5019,25,25,4,4,0
"100",5021,25,25,4,4,0
"101",5023,25,25,4,4,0
"102",5027,49,30,6,6,0
"103",5029,25,25,4,4,0
"104",5031,730,553,74,74,12
"105",5033,103,35,8,8,0
"106",5035,65,63,2,2,0
"107",5037,25,15,3,3,0
"108",5039,25,22,4,4,0
"109",5041,50,50,8,8,0
"110",5043,49,49,5,5,0
"111",5045,357,355,25,25,0
"112",5047,25,25,4,4,0
"113",5049,25,25,4,4,0
"114",5051,562,423,48,48,0
"115",5055,129,114,8,8,0
"116",5057,79,67,8,8,0
"117",5059,72,64,6,6,0
"118",5061,20,20,6,6,0
"119",5063,235,184,12,12,0
"120",5065,25,25,4,4,0
"121",5069,471,271,34,34,0
"122",5071,90,57,8,8,0
"123",5075,25,25,4,4,0
"124",5081,25,25,4,4,0
"125",5083,41,40,7,7,0
"126",5091,62,50,0,0,0
"127",5093,124,124,9,9,0
"128",5103,98,82,8,8,0
"129",5107,155,127,6,6,0
"130",5113,65,41,6,6,0
"131",5115,170,137,11,11,0
"132",5119,4324,3570,220,220,168
"133",5121,50,32,2,2,0
"134",5123,118,56,6,6,0
"135",5125,257,207,16,16,0
"136",5127,24,24,4,4,0
"137",5131,1081,779,80,80,25
"138",5137,25,25,4,4,0
"139",5139,166,111,16,16,0
"140",5141,25,25,4,4,0
"141",5143,1068,836,78,78,34
"142",5145,272,272,17,17,0
"143",5149,76,55,9,9,0
"144",6001,3464,3564,331,331,151
"145",6005,52,52,6,6,0
"146",6007,401,471,47,47,6
"147",6009,25,25,5,5,0
"148",6013,1696,1636,172,172,97
"149",6015,49,39,6,6,0
"150",6017,190,189,28,28,0
"151",6019,1848,2999,418,418,104
"152",6021,47,15,3,3,0
"153",6023,276,233,27,27,5
"154",6025,268,268,28,28,0
"155",6027,29,29,5,5,0
"156",6029,1535,1497,160,160,77
"157",6031,173,142,22,22,0
"158",6033,62,50,8,8,0
"159",6035,25,25,4,4,0
"160",6037,23259,22002,2352,2352,1147
"161",6039,464,464,52,52,116
"162",6041,441,441,47,47,8
"163",6043,18,18,3,3,0
"164",6045,142,100,14,14,2
"165",6047,106,242,24,24,0
"166",6049,20,20,4,4,0
"167",6051,17,17,2,2,0
"168",6053,678,709,47,47,34
"169",6055,510,318,48,48,6
"170",6057,137,129,10,10,0
"171",6059,5686,5751,703,703,316
"172",6061,748,693,70,70,64
"173",6063,35,42,8,8,0
"174",6065,3537,3434,385,385,107
"175",6067,3295,3159,377,377,192
"176",6069,25,49,8,8,0
"177",6071,4789,6221,611,611,305
"178",6073,6415,6345,698,698,320
"179",6075,2860,2784,404,404,129
"180",6077,2161,1334,110,110,79
"181",6079,780,1685,63,63,22
"182",6081,2217,1920,133,133,16
"183",6083,826,631,84,84,51
"184",6085,4382,4252,445,445,276
"185",6087,372,354,27,27,24
"186",6089,590,571,96,96,16
"187",6093,61,50,8,8,0
"188",6095,1519,1017,104,104,16
"189",6097,817,824,82,82,12
"190",6099,1394,1380,123,123,63
"191",6101,30,30,2,2,0
"192",6103,92,65,11,11,0
"193",6105,25,25,4,4,0
"194",6107,830,746,84,84,15
"195",6109,72,84,6,6,0
"196",6111,1379,1388,162,162,76
"197",6113,122,125,14,14,0
"198",6115,221,149,24,24,6
"199",8001,1559,1454,232,232,148
"200",8003,49,49,6,6,0
"201",8005,1241,1060,148,148,45
"202",8007,11,11,2,2,0
"203",8009,23,15,3,3,0
"204",8013,856,715,72,72,44
"205",8014,40,22,4,4,0
"206",8015,25,25,2,2,0
"207",8017,25,11,2,2,0
"208",8021,17,17,3,3,0
"209",8029,49,49,6,6,0
"210",8031,3071,2030,294,294,126
"211",8035,778,771,70,70,44
"212",8037,56,56,5,5,0
"213",8041,1348,1294,130,130,130
"214",8043,25,25,4,4,0
"215",8045,103,53,8,8,2
"216",8049,23,21,3,3,0
"217",8051,24,20,3,3,0
"218",8055,20,16,3,3,0
"219",8059,641,474,104,104,20
"220",8061,25,25,4,4,0
"221",8063,19,19,3,3,0
"222",8065,25,8,1,1,0
"223",8067,94,94,13,13,0
"224",8069,742,712,64,64,25
"225",8071,25,25,4,4,0
"226",8073,15,15,3,3,0
"227",8075,25,25,4,4,0
"228",8077,495,399,35,35,0
"229",8081,25,25,4,4,0
"230",8083,25,25,4,4,0
"231",8085,75,50,8,8,0
"232",8087,75,61,10,10,0
"233",8089,25,0,5,5,0
"234",8095,40,40,7,7,0
"235",8097,25,25,4,4,0
"236",8099,25,25,4,4,0
"237",8101,1252,494,17,17,0
"238",8103,35,35,6,6,0
"239",8105,17,17,3,3,0
"240",8107,39,39,4,4,0
"241",8115,15,9,2,2,0
"242",8117,35,34,8,8,0
"243",8119,15,15,3,3,0
"244",8123,428,225,33,33,0
"245",8125,30,30,6,6,0
"246",9001,1713,1713,173,173,26
"247",9003,3086,2948,476,476,118
"248",9005,157,157,21,21,0
"249",9007,736,736,40,40,0
"250",9009,1717,1717,201,201,107
"251",9011,419,419,25,25,13
"252",9013,209,209,16,16,0
"253",9015,148,148,14,14,0
"254",10001,404,414,29,29,15
"255",10003,2094,1715,183,183,6
"256",10005,567,507,52,52,0
"257",11001,4098,3077,407,407,113
"258",12001,2050,1549,233,233,130
"259",12003,1163,81,4,4,0
"260",12005,707,676,77,77,32
"261",12007,49,25,4,4,0
"262",12009,1807,1867,288,288,0
"263",12011,6025,4702,525,525,191
"264",12013,25,15,3,3,0
"265",12015,715,595,51,51,7
"266",12017,332,332,40,40,0
"267",12019,503,459,42,42,16
"268",12021,633,773,81,81,19
"269",12023,468,456,28,28,0
"270",12027,49,49,8,8,0
"271",12031,3456,3119,416,416,156
"272",12033,1648,1258,111,111,82
"273",12035,99,99,18,18,0
"274",12037,25,25,4,4,0
"275",12039,949,24,4,4,0
"276",12045,19,19,3,3,0
"277",12049,25,25,4,4,0
"278",12051,25,25,3,3,0
"279",12053,616,546,44,44,10
"280",12055,273,259,38,38,0
"281",12057,4056,3564,460,460,205
"282",12059,20,20,3,3,0
"283",12061,566,511,43,43,0
"284",12063,100,66,7,7,0
"285",12069,851,783,129,129,0
"286",12071,1614,1232,151,151,152
"287",12073,1208,822,61,61,30
"288",12079,25,25,4,4,0
"289",12081,895,867,113,113,6
"290",12083,910,817,116,116,0
"291",12085,388,366,66,66,0
"292",12086,7842,7771,858,858,258
"293",12087,147,129,14,14,0
"294",12089,62,54,9,9,0
"295",12091,493,441,51,51,10
"296",12093,100,100,8,8,0
"297",12095,3043,4291,349,349,295
"298",12097,628,575,66,66,24
"299",12099,4440,3967,427,427,136
"300",12101,1407,1384,143,143,12
"301",12103,3874,3307,285,285,122
"302",12105,1736,1580,145,145,45
"303",12107,99,99,10,10,0
"304",12109,335,335,47,47,7
"305",12111,873,728,77,77,6
"306",12113,355,294,20,20,0
"307",12115,1542,1277,128,128,33
"308",12117,345,332,39,39,0
"309",12119,347,317,62,62,0
"310",12121,25,25,4,4,0
"311",12123,48,48,6,6,0
"312",12125,145,145,25,25,0
"313",12127,1453,1434,264,264,16
"314",12131,136,112,28,28,0
"315",12133,59,25,4,4,0
"316",13001,49,34,3,3,0
"317",13005,25,25,4,4,0
"318",13009,365,280,12,12,0
"319",13013,56,56,6,6,0
"320",13015,119,119,21,21,0
"321",13017,75,48,5,5,0
"322",13019,63,51,9,9,0
"323",13021,1184,992,126,126,77
"324",13023,25,15,3,3,0
"325",13027,25,25,4,4,0
"326",13031,195,182,31,31,0
"327",13033,40,40,7,7,0
"328",13035,25,25,4,4,0
"329",13039,40,40,5,5,0
"330",13043,25,25,6,6,0
"331",13045,326,197,28,28,0
"332",13047,179,36,6,6,0
"333",13051,1569,1304,89,89,74
"334",13053,250,250,0,0,0
"335",13057,126,114,20,20,0
"336",13059,597,564,99,99,20
"337",13063,538,441,35,35,0
"338",13065,25,15,3,3,0
"339",13067,1346,1243,98,98,49
"340",13069,88,86,10,10,0
"341",13071,168,127,16,16,0
"342",13075,33,33,6,6,0
"343",13077,254,250,23,23,10
"344",13081,73,65,16,16,0
"345",13083,36,36,6,6,0
"346",13087,80,80,10,10,0
"347",13089,2368,1957,307,307,42
"348",13091,94,40,6,6,0
"349",13095,691,409,50,50,27
"350",13097,108,102,8,8,0
"351",13099,25,15,3,3,0
"352",13103,25,25,4,4,0
"353",13105,25,52,4,4,0
"354",13107,72,45,8,8,0
"355",13109,49,49,9,9,0
"356",13111,50,50,5,5,0
"357",13113,282,221,66,66,20
"358",13115,514,435,42,42,0
"359",13117,304,304,24,24,0
"360",13119,56,56,8,8,0
"361",13121,4682,3805,656,656,154
"362",13127,401,401,12,12,0
"363",13129,69,69,8,8,0
"364",13131,60,46,4,4,0
"365",13133,50,50,8,8,0
"366",13135,848,945,70,70,42
"367",13137,53,53,4,4,0
"368",13139,657,545,85,85,0
"369",13143,25,15,3,3,0
"370",13151,215,215,33,33,16
"371",13153,276,276,36,36,0
"372",13155,34,34,6,6,0
"373",13157,90,28,5,5,0
"374",13159,17,12,2,2,0
"375",13161,35,25,4,4,0
"376",13163,37,37,6,6,0
"377",13165,25,15,3,3,0
"378",13173,25,25,4,4,0
"379",13175,190,145,16,16,0
"380",13179,64,64,4,4,0
"381",13185,443,377,48,48,0
"382",13187,52,0,32,32,0
"383",13189,25,25,4,4,0
"384",13193,49,22,4,4,0
"385",13199,109,109,11,11,0
"386",13201,25,25,4,4,0
"387",13205,23,25,4,4,0
"388",13207,25,25,5,5,0
"389",13211,25,25,4,4,0
"390",13213,42,29,5,5,0
"391",13215,1167,794,69,69,39
"392",13217,101,94,10,10,6
"393",13223,112,112,8,8,0
"394",13225,25,25,4,4,0
"395",13227,52,52,6,6,0
"396",13233,25,25,4,4,0
"397",13235,49,55,6,6,0
"398",13241,25,25,4,4,0
"399",13243,25,25,4,4,0
"400",13245,2824,1850,402,402,74
"401",13247,138,138,16,16,0
"402",13251,25,25,4,4,0
"403",13253,65,45,8,8,0
"404",13255,160,160,22,22,0
"405",13257,96,74,6,6,0
"406",13261,76,54,9,9,0
"407",13267,25,25,4,4,0
"408",13275,264,226,35,35,0
"409",13277,241,181,20,20,0
"410",13279,57,52,8,8,0
"411",13281,25,25,4,4,0
"412",13285,276,276,20,20,0
"413",13291,45,39,5,5,0
"414",13293,115,87,28,28,0
"415",13297,165,164,7,7,0
"416",13299,231,134,10,10,6
"417",13303,56,56,10,10,0
"418",13305,88,88,12,12,0
"419",13313,282,246,34,34,0
"420",13317,25,25,4,4,0
"421",13321,25,25,4,4,0
"422",15001,333,296,28,28,0
"423",15003,2639,2716,155,155,112
"424",15007,111,102,10,10,0
"425",15009,247,247,26,26,0
"426",16001,1305,1195,97,97,110
"427",16005,205,137,20,20,16
"428",16007,21,21,4,4,0
"429",16009,19,19,3,3,0
"430",16011,153,131,6,6,0
"431",16013,25,25,4,4,0
"432",16017,25,25,4,4,0
"433",16019,420,267,74,74,26
"434",16021,20,20,3,3,0
"435",16023,14,14,2,2,0
"436",16027,343,282,41,41,12
"437",16029,25,25,4,4,0
"438",16031,25,31,6,6,0
"439",16035,83,78,4,4,0
"440",16039,25,21,4,4,0
"441",16041,20,20,3,3,0
"442",16045,16,13,2,2,0
"443",16047,18,16,3,3,0
"444",16049,41,40,7,7,0
"445",16053,25,25,4,4,0
"446",16055,434,401,76,76,14
"447",16057,25,25,3,3,0
"448",16059,18,18,3,3,0
"449",16065,69,67,4,4,14
"450",16067,25,16,3,3,0
"451",16069,145,110,9,9,0
"452",16071,11,11,2,2,0
"453",16077,10,10,2,2,0
"454",16079,25,21,4,4,0
"455",16081,13,13,2,2,0
"456",16083,224,186,30,30,18
"457",16085,25,23,4,4,0
"458",16087,25,19,3,3,0
"459",17001,307,248,25,25,0
"460",17005,42,32,6,6,0
"461",17011,94,69,9,9,0
"462",17019,680,637,39,39,25
"463",17021,47,47,8,8,0
"464",17025,20,20,3,3,0
"465",17027,70,46,8,8,0
"466",17029,149,82,14,14,0
"467",17031,18546,15382,2021,2021,651
"468",17033,63,25,4,4,0
"469",17037,192,192,27,27,0
"470",17039,25,15,3,3,0
"471",17043,1928,1723,219,219,45
"472",17045,25,25,4,4,0
"473",17049,133,133,10,10,0
"474",17051,110,29,4,4,0
"475",17053,41,25,2,2,0
"476",17055,16,16,3,3,0
"477",17057,87,43,5,5,0
"478",17061,25,25,4,4,0
"479",17063,89,89,8,8,0
"480",17065,25,25,4,4,0
"481",17067,18,18,3,3,0
"482",17069,25,25,4,4,0
"483",17073,86,50,7,7,0
"484",17075,25,25,5,5,0
"485",17077,179,179,25,25,13
"486",17081,181,171,22,22,0
"487",17083,65,46,4,4,0
"488",17085,25,18,3,3,0
"489",17089,1483,1306,120,120,13
"490",17091,500,460,27,27,0
"491",17095,254,177,18,18,0
"492",17097,1019,826,109,109,0
"493",17099,171,164,13,13,0
"494",17101,25,25,4,4,0
"495",17103,80,66,6,6,0
"496",17105,42,42,5,5,0
"497",17107,25,25,4,4,0
"498",17109,60,45,7,7,0
"499",17111,370,405,55,55,0
"500",17113,370,343,54,54,0
"501",17115,424,446,35,35,0
"502",17117,50,50,8,8,0
"503",17119,953,677,62,62,0
"504",17121,149,107,13,13,0
"505",17125,25,25,4,4,0
"506",17127,25,25,4,4,0
"507",17131,22,22,4,4,0
"508",17135,50,50,9,9,0
"509",17137,131,93,9,9,0
"510",17141,16,17,4,4,0
"511",17143,1226,986,115,115,28
"512",17145,42,42,7,7,0
"513",17147,16,16,3,3,0
"514",17149,35,25,4,4,0
"515",17157,171,171,29,29,0
"516",17159,134,47,8,8,0
"517",17161,472,442,27,27,9
"518",17163,736,556,63,63,0
"519",17165,102,65,11,11,0
"520",17167,1159,1004,93,93,43
"521",17169,22,22,4,4,0
"522",17173,30,30,5,5,0
"523",17177,100,100,8,8,0
"524",17179,132,132,12,12,0
"525",17181,135,113,4,4,0
"526",17183,198,179,16,16,0
"527",17185,25,25,4,4,0
"528",17187,23,23,4,4,0
"529",17189,50,22,4,4,0
"530",17191,55,25,4,4,0
"531",17195,123,121,13,13,0
"532",17197,1023,850,97,97,0
"533",17199,327,294,28,28,0
"534",17201,988,932,99,99,60
"535",17203,25,25,4,4,0
"536",18001,25,25,4,4,0
"537",18003,1630,1630,235,235,101
"538",18005,225,225,17,17,0
"539",18009,15,15,4,4,0
"540",18011,68,68,8,8,0
"541",18017,165,165,5,5,0
"542",18019,253,253,22,22,0
"543",18021,25,25,4,4,0
"544",18023,25,25,5,5,0
"545",18027,42,42,5,5,0
"546",18029,102,102,8,8,0
"547",18031,25,25,4,4,0
"548",18033,37,37,8,8,0
"549",18035,368,368,44,44,23
"550",18037,111,111,26,26,0
"551",18039,338,338,35,35,8
"552",18043,280,269,18,18,0
"553",18049,25,25,4,4,0
"554",18051,25,25,5,5,0
"555",18053,347,347,19,19,0
"556",18055,25,25,5,5,0
"557",18057,610,610,90,90,44
"558",18059,73,73,26,26,0
"559",18061,25,25,4,4,0
"560",18063,260,260,28,28,0
"561",18065,48,48,10,10,0
"562",18067,250,250,21,21,0
"563",18069,36,36,6,6,0
"564",18071,91,91,7,7,0
"565",18073,25,25,4,4,0
"566",18075,25,25,4,4,0
"567",18077,238,238,6,6,0
"568",18079,25,25,4,4,0
"569",18081,195,195,6,6,0
"570",18083,99,99,30,30,0
"571",18085,88,88,14,14,0
"572",18087,25,25,4,4,0
"573",18089,1767,1767,203,203,63
"574",18091,278,278,34,34,0
"575",18093,50,50,11,11,0
"576",18095,303,303,42,42,0
"577",18097,3862,3862,467,467,244
"578",18099,157,157,11,11,0
"579",18103,25,25,4,4,0
"580",18105,357,357,24,24,18
"581",18107,29,29,5,5,0
"582",18109,83,83,10,10,0
"583",18113,47,47,5,5,0
"584",18117,24,24,4,4,0
"585",18123,25,25,4,4,0
"586",18127,292,292,32,32,14
"587",18131,25,25,4,4,0
"588",18133,25,25,6,6,0
"589",18135,25,25,4,4,0
"590",18137,25,25,7,7,0
"591",18139,25,25,4,4,0
"592",18141,837,837,111,111,42
"593",18143,25,25,4,4,0
"594",18145,46,46,6,6,0
"595",18149,15,15,1,1,0
"596",18151,25,25,2,2,0
"597",18153,25,25,4,4,0
"598",18157,477,477,35,35,31
"599",18159,25,25,4,4,0
"600",18163,993,993,136,136,40
"601",18165,25,25,6,6,0
"602",18167,494,494,54,54,15
"603",18169,18,18,3,3,0
"604",18171,16,16,4,4,0
"605",18173,338,338,75,75,0
"606",18175,25,25,4,4,0
"607",18177,376,376,30,30,0
"608",18179,62,62,7,7,0
"609",18181,25,25,4,4,0
"610",18183,30,30,5,5,0
"611",19001,25,25,4,4,0
"612",19003,22,22,4,4,0
"613",19005,25,25,5,5,0
"614",19007,45,25,3,3,0
"615",19009,25,25,4,4,0
"616",19011,25,25,4,4,0
"617",19013,675,384,29,29,7
"618",19015,42,25,4,4,0
"619",19017,50,37,7,7,0
"620",19019,120,85,4,4,0
"621",19021,35,25,4,4,0
"622",19025,25,25,2,2,0
"623",19027,116,66,9,9,0
"624",19029,33,25,4,4,0
"625",19033,346,205,18,18,0
"626",19035,83,61,4,4,0
"627",19037,18,8,1,1,0
"628",19039,25,25,4,4,0
"629",19041,99,49,9,9,0
"630",19043,50,40,7,7,0
"631",19045,265,120,12,12,0
"632",19047,25,25,4,4,0
"633",19049,25,25,4,4,0
"634",19051,25,25,4,4,0
"635",19053,25,11,2,2,0
"636",19055,25,25,4,4,0
"637",19057,213,136,12,12,0
"638",19059,49,44,8,8,0
"639",19061,470,257,21,21,0
"640",19063,25,22,4,4,0
"641",19065,50,50,8,8,0
"642",19067,25,25,4,4,0
"643",19069,25,25,4,4,0
"644",19071,25,25,4,4,0
"645",19073,25,25,4,4,0
"646",19075,80,25,4,4,0
"647",19077,25,25,4,4,0
"648",19079,25,25,4,4,0
"649",19081,25,25,4,4,0
"650",19083,35,19,3,3,0
"651",19085,25,25,4,4,0
"652",19087,74,25,4,4,0
"653",19089,19,18,3,3,0
"654",19091,49,17,3,3,0
"655",19093,25,25,4,4,0
"656",19095,25,25,4,4,0
"657",19097,25,25,4,4,0
"658",19099,68,48,8,8,0
"659",19101,25,25,4,4,0
"660",19103,1383,962,77,77,116
"661",19105,22,22,4,4,0
"662",19107,25,25,4,4,0
"663",19109,25,24,4,4,0
"664",19111,121,99,12,12,0
"665",19113,994,495,36,36,32
"666",19117,25,25,4,4,0
"667",19119,25,11,2,2,0
"668",19121,25,25,4,4,0
"669",19123,33,25,4,4,0
"670",19125,50,50,7,7,0
"671",19127,125,41,7,7,0
"672",19131,25,25,4,4,0
"673",19133,25,25,4,4,0
"674",19135,25,25,4,4,0
"675",19137,25,25,8,8,0
"676",19139,48,45,5,5,0
"677",19141,39,39,6,6,0
"678",19143,25,25,4,4,0
"679",19145,50,50,6,6,0
"680",19147,47,24,4,4,0
"681",19149,25,25,4,4,0
"682",19151,25,25,4,4,0
"683",19153,1671,1520,110,110,91
"684",19155,514,255,29,29,0
"685",19157,49,49,5,5,0
"686",19159,16,16,3,3,0
"687",19161,25,25,4,4,0
"688",19163,691,432,47,47,6
"689",19165,25,25,4,4,0
"690",19167,96,94,15,15,0
"691",19169,237,175,17,17,0
"692",19175,25,25,4,4,0
"693",19177,25,25,4,4,0
"694",19179,217,88,11,11,0
"695",19183,25,25,4,4,0
"696",19185,25,25,4,4,0
"697",19187,200,46,8,8,0
"698",19191,25,25,4,4,0
"699",19193,830,316,34,34,20
"700",19197,47,47,8,8,0
"701",20001,25,25,4,4,0
"702",20003,12,12,2,2,0
"703",20005,25,25,4,4,0
"704",20007,35,32,6,6,0
"705",20009,81,76,11,11,0
"706",20013,25,25,4,4,0
"707",20015,126,108,16,16,0
"708",20019,25,17,3,3,0
"709",20021,61,46,8,8,0
"710",20023,16,16,3,3,0
"711",20025,43,39,6,6,0
"712",20027,25,17,3,3,0
"713",20029,25,22,4,4,0
"714",20031,25,25,4,4,0
"715",20033,12,12,2,2,0
"716",20035,74,53,4,4,0
"717",20037,100,89,16,16,0
"718",20039,18,21,4,4,0
"719",20041,50,34,6,6,0
"720",20045,148,110,10,10,0
"721",20047,12,12,2,2,0
"722",20051,194,149,34,34,0
"723",20053,20,18,3,3,0
"724",20055,100,90,8,8,7
"725",20057,99,60,10,10,0
"726",20059,44,44,5,5,0
"727",20061,139,96,6,6,0
"728",20063,21,21,4,4,0
"729",20065,20,20,3,3,0
"730",20067,26,26,5,5,0
"731",20071,18,18,3,3,0
"732",20073,25,25,4,4,0
"733",20075,25,25,4,4,0
"734",20077,12,25,4,4,0
"735",20079,163,134,6,6,0
"736",20081,13,13,2,2,0
"737",20083,50,25,4,4,0
"738",20085,12,12,2,2,0
"739",20087,25,25,4,4,0
"740",20089,25,24,4,4,0
"741",20091,1955,1519,262,262,105
"742",20093,25,25,4,4,0
"743",20095,25,25,4,4,0
"744",20097,15,15,3,3,0
"745",20099,99,46,5,5,0
"746",20101,25,25,4,4,0
"747",20103,100,46,10,10,0
"748",20105,14,10,2,2,0
"749",20109,25,25,4,4,0
"750",20111,25,21,6,6,0
"751",20113,95,81,15,15,0
"752",20115,25,25,5,5,0
"753",20117,25,23,4,4,0
"754",20119,20,20,3,3,0
"755",20121,245,104,109,109,0
"756",20123,25,16,4,4,0
"757",20125,47,47,7,7,0
"758",20127,25,25,4,4,0
"759",20129,28,26,5,5,0
"760",20131,49,41,7,7,0
"761",20133,25,22,5,5,0
"762",20135,50,37,6,6,0
"763",20137,25,25,4,4,0
"764",20141,25,24,4,4,0
"765",20143,25,25,4,4,0
"766",20145,638,121,4,4,0
"767",20147,25,25,4,4,0
"768",20149,50,43,7,7,0
"769",20151,35,35,6,6,0
"770",20153,24,15,3,3,0
"771",20155,200,137,20,20,0
"772",20157,25,25,4,4,0
"773",20159,25,25,4,4,0
"774",20161,163,99,10,10,0
"775",20163,20,16,3,3,0
"776",20165,25,16,3,3,0
"777",20167,25,19,3,3,0
"778",20169,392,191,21,21,14
"779",20171,25,25,4,4,0
"780",20173,2837,1726,214,214,67
"781",20175,69,71,8,8,0
"782",20177,1067,748,45,45,40
"783",20179,18,18,3,3,0
"784",20181,25,21,4,4,0
"785",20183,25,16,3,3,0
"786",20185,25,25,4,4,0
"787",20187,18,16,3,3,0
"788",20189,25,17,3,3,0
"789",20191,25,25,4,4,0
"790",20193,25,21,1,1,0
"791",20195,25,25,4,4,0
"792",20201,50,50,8,8,0
"793",20203,25,25,4,4,0
"794",20205,40,40,7,7,0
"795",20209,1376,1059,167,167,38
"796",21003,25,25,4,4,0
"797",21009,180,108,10,10,4
"798",21013,216,87,14,14,0
"799",21015,271,166,18,18,0
"800",21017,58,34,4,4,0
"801",21019,455,439,38,38,13
"802",21021,197,170,22,22,0
"803",21025,55,49,4,4,0
"804",21027,25,25,4,4,0
"805",21033,25,25,4,4,0
"806",21035,152,99,10,10,0
"807",21037,211,156,26,26,0
"808",21041,25,25,4,4,0
"809",21045,24,24,4,4,0
"810",21047,786,390,18,18,4
"811",21049,54,54,8,8,0
"812",21051,49,49,6,6,0
"813",21053,42,38,7,7,0
"814",21055,48,48,8,8,0
"815",21057,25,25,4,4,0
"816",21059,527,507,32,32,16
"817",21065,25,25,4,4,0
"818",21067,2185,1932,367,367,78
"819",21069,25,52,3,3,0
"820",21071,224,177,20,20,0
"821",21073,173,116,10,10,4
"822",21081,25,15,3,3,0
"823",21083,107,95,8,8,0
"824",21085,75,75,6,6,0
"825",21087,35,25,4,4,0
"826",21089,190,135,12,12,0
"827",21093,465,428,10,10,0
"828",21095,150,81,7,7,0
"829",21097,61,61,6,6,0
"830",21099,25,25,4,4,0
"831",21101,192,118,12,12,15
"832",21107,425,445,25,25,6
"833",21111,2985,1993,538,538,169
"834",21115,72,72,6,6,0
"835",21117,707,707,46,46,25
"836",21121,25,25,6,6,0
"837",21125,150,106,14,14,0
"838",21127,90,65,6,6,0
"839",21131,25,25,4,4,0
"840",21133,90,90,6,6,0
"841",21137,25,25,4,4,0
"842",21139,25,25,4,4,0
"843",21141,75,75,6,6,0
"844",21145,1057,573,40,40,0
"845",21151,130,85,12,12,0
"846",21155,75,63,6,6,0
"847",21157,25,25,4,4,0
"848",21161,100,100,5,5,0
"849",21167,25,25,4,4,0
"850",21171,49,49,9,9,0
"851",21173,42,42,4,4,0
"852",21175,25,25,4,4,0
"853",21177,90,47,6,6,0
"854",21179,40,40,4,4,0
"855",21183,25,25,4,4,0
"856",21185,90,90,8,8,0
"857",21193,358,229,32,32,0
"858",21195,453,356,85,85,0
"859",21199,283,230,38,38,0
"860",21203,26,20,4,4,0
"861",21205,149,90,14,14,0
"862",21207,25,25,2,2,0
"863",21209,75,75,6,6,0
"864",21211,70,30,4,4,0
"865",21213,25,25,4,4,0
"866",21217,90,90,8,8,0
"867",21221,25,25,4,4,0
"868",21225,25,25,4,4,0
"869",21227,761,639,39,39,12
"870",21231,25,25,4,4,0
"871",21235,305,280,48,48,0
"872",21239,25,25,4,4,0
"873",22001,186,171,7,7,0
"874",22003,109,74,7,7,0
"875",22005,151,151,43,43,0
"876",22007,15,15,3,3,0
"877",22009,94,92,6,6,0
"878",22011,80,80,6,6,4
"879",22013,21,21,4,4,0
"880",22015,278,217,19,19,0
"881",22017,2130,1829,167,167,87
"882",22019,947,740,91,91,43
"883",22021,87,77,13,13,0
"884",22023,49,49,9,9,0
"885",22027,47,37,4,4,0
"886",22029,65,65,11,11,0
"887",22031,34,34,6,6,0
"888",22033,2297,1920,183,183,118
"889",22035,23,23,4,4,0
"890",22037,633,636,52,52,0
"891",22039,285,223,24,24,0
"892",22041,37,29,6,6,0
"893",22045,166,153,11,11,0
"894",22047,10,10,0,0,0
"895",22049,25,25,4,4,0
"896",22051,2259,2003,209,209,111
"897",22053,92,92,5,5,0
"898",22055,1258,1248,176,176,159
"899",22057,240,178,21,21,0
"900",22059,81,55,9,9,0
"901",22061,266,258,26,26,11
"902",22063,0,0,0,0,0
"903",22065,25,25,5,5,0
"904",22067,119,109,6,6,0
"905",22069,117,102,12,12,0
"906",22071,2009,1301,269,269,139
"907",22073,1021,806,111,111,60
"908",22077,26,25,4,4,0
"909",22079,1129,1110,75,75,55
"910",22081,37,37,4,4,0
"911",22083,63,63,6,6,0
"912",22085,48,48,8,8,0
"913",22087,40,40,8,8,0
"914",22089,59,39,8,8,0
"915",22091,25,25,4,4,0
"916",22093,44,44,4,4,0
"917",22095,82,82,0,0,0
"918",22097,257,211,26,26,0
"919",22099,43,43,4,4,0
"920",22101,186,152,15,15,0
"921",22103,1132,1070,256,256,28
"922",22105,536,536,79,79,14
"923",22109,567,344,38,38,8
"924",22111,35,35,6,6,0
"925",22113,95,69,10,10,0
"926",22115,134,126,7,7,0
"927",22117,117,61,13,13,0
"928",22119,219,171,16,16,2
"929",22123,30,30,5,5,0
"930",22125,25,25,4,4,0
"931",22127,60,46,5,5,0
"932",23001,483,361,34,34,11
"933",23003,228,166,24,24,0
"934",23005,1121,985,56,56,31
"935",23007,70,48,5,5,0
"936",23009,114,98,14,14,0
"937",23011,427,297,24,24,0
"938",23013,99,81,8,8,0
"939",23015,25,25,4,4,0
"940",23017,75,50,8,8,0
"941",23019,773,581,60,60,23
"942",23021,48,50,8,8,0
"943",23025,50,50,8,8,0
"944",23027,25,25,4,4,0
"945",23029,50,50,8,8,0
"946",23031,229,206,14,14,0
"947",24001,279,288,14,14,0
"948",24003,634,483,50,50,30
"949",24005,1965,1518,94,94,50
"950",24009,73,41,4,4,0
"951",24013,683,675,12,12,0
"952",24015,175,182,5,5,0
"953",24017,99,98,10,10,0
"954",24019,80,84,0,0,0
"955",24021,269,281,18,18,15
"956",24023,26,27,2,2,0
"957",24025,243,231,19,19,0
"958",24027,225,245,48,48,0
"959",24029,12,21,6,6,0
"960",24031,2166,1682,231,231,85
"961",24033,661,490,78,78,15
"962",24037,93,96,12,12,0
"963",24041,97,48,16,16,0
"964",24043,362,340,26,26,0
"965",24045,391,418,34,34,0
"966",24047,40,32,6,6,0
"967",24510,4051,3593,626,626,167
"968",25001,430,410,22,22,0
"969",25003,323,245,24,24,0
"970",25005,1185,1101,110,110,16
"971",25007,25,25,4,4,0
"972",25009,943,1332,107,107,0
"973",25011,89,89,6,6,0
"974",25013,1537,1406,112,112,55
"975",25015,140,118,11,11,0
"976",25017,3502,3462,320,320,26
"977",25019,14,19,3,3,0
"978",25021,1527,1329,114,114,0
"979",25023,700,659,48,48,0
"980",25025,5824,5716,903,903,120
"981",25027,2203,2449,212,212,27
"982",26003,11,11,2,2,0
"983",26005,68,68,11,11,0
"984",26007,124,128,9,9,0
"985",26011,25,25,5,5,0
"986",26013,15,15,3,3,0
"987",26015,25,25,6,6,0
"988",26017,387,328,37,37,0
"989",26019,8,8,1,1,0
"990",26021,259,222,25,25,0
"991",26023,71,87,10,10,0
"992",26025,281,262,37,37,0
"993",26027,25,25,4,4,0
"994",26029,25,25,4,4,0
"995",26033,82,49,6,6,0
"996",26035,49,49,9,9,0
"997",26037,59,59,2,2,0
"998",26039,71,49,6,6,0
"999",26041,25,25,9,9,0
"1000",26043,66,56,6,6,0
"1001",26045,45,45,7,7,0
"1002",26047,202,187,18,18,0
"1003",26049,1151,1047,125,125,44
"1004",26051,25,25,4,4,0
"1005",26053,25,25,5,5,0
"1006",26055,425,409,20,20,0
"1007",26057,67,49,9,9,0
"1008",26059,65,44,4,4,0
"1009",26061,61,61,11,11,0
"1010",26063,98,98,11,11,0
"1011",26065,913,873,120,120,33
"1012",26067,22,25,2,2,0
"1013",26069,47,47,4,4,0
"1014",26071,25,25,3,3,0
"1015",26073,118,83,8,8,0
"1016",26075,501,469,61,61,0
"1017",26077,989,904,70,70,53
"1018",26079,8,8,1,1,0
"1019",26081,1796,2018,157,157,111
"1020",26087,183,183,10,10,0
"1021",26091,113,113,13,13,0
"1022",26093,107,142,25,25,0
"1023",26095,25,25,4,4,0
"1024",26097,15,15,3,3,0
"1025",26099,1229,1234,139,139,0
"1026",26101,45,45,8,8,0
"1027",26103,204,263,30,30,11
"1028",26105,45,45,6,6,0
"1029",26107,49,49,4,4,0
"1030",26111,308,324,26,26,0
"1031",26115,217,153,14,14,0
"1032",26117,148,131,18,18,0
"1033",26121,227,362,49,49,0
"1034",26123,25,25,9,9,0
"1035",26125,4386,3799,422,422,44
"1036",26127,24,24,4,4,0
"1037",26129,88,88,15,15,0
"1038",26131,25,25,4,4,0
"1039",26133,25,25,4,4,0
"1040",26137,46,46,4,4,0
"1041",26139,309,325,22,22,0
"1042",26145,610,724,106,106,0
"1043",26147,375,372,23,23,0
"1044",26149,144,97,13,13,0
"1045",26151,65,65,11,11,0
"1046",26153,12,12,2,2,0
"1047",26155,107,111,7,7,0
"1048",26157,198,198,8,8,0
"1049",26159,74,74,14,14,0
"1050",26161,1971,1778,89,89,0
"1051",26163,6053,5357,676,676,190
"1052",26165,49,49,20,20,0
"1053",27001,25,25,4,4,0
"1054",27003,746,666,35,35,0
"1055",27005,87,36,8,8,0
"1056",27007,134,105,10,10,0
"1057",27011,40,40,7,7,0
"1058",27013,272,167,29,29,0
"1059",27015,78,40,7,7,0
"1060",27017,105,47,6,6,0
"1061",27019,109,109,18,18,0
"1062",27021,5,5,1,1,0
"1063",27023,30,25,4,4,0
"1064",27025,61,55,10,10,0
"1065",27029,48,48,8,8,0
"1066",27031,16,16,3,3,0
"1067",27033,26,26,4,4,0
"1068",27035,220,168,16,16,0
"1069",27037,244,216,23,23,0
"1070",27041,143,115,8,8,0
"1071",27043,43,24,4,4,0
"1072",27047,159,159,18,18,0
"1073",27049,83,83,12,12,0
"1074",27051,10,10,2,2,0
"1075",27053,7211,3717,445,445,385
"1076",27057,50,25,4,4,0
"1077",27059,86,70,12,12,0
"1078",27061,104,76,12,12,0
"1079",27063,20,14,2,2,0
"1080",27065,49,25,4,4,0
"1081",27067,136,81,40,40,0
"1082",27069,15,15,3,3,0
"1083",27071,25,18,3,3,0
"1084",27073,32,32,5,5,0
"1085",27075,25,16,3,3,0
"1086",27077,15,15,3,3,0
"1087",27079,15,9,2,2,0
"1088",27081,44,44,7,7,0
"1089",27083,74,50,8,8,0
"1090",27085,115,74,10,10,0
"1091",27087,18,10,2,2,0
"1092",27089,12,12,2,2,0
"1093",27091,57,55,10,10,0
"1094",27093,35,25,4,4,0
"1095",27095,28,28,5,5,0
"1096",27097,49,25,4,4,0
"1097",27101,25,20,3,3,0
"1098",27103,73,65,3,3,0
"1099",27105,48,48,8,8,0
"1100",27107,14,14,2,2,0
"1101",27109,2136,1192,250,250,0
"1102",27111,149,121,9,9,0
"1103",27113,42,41,4,4,0
"1104",27115,30,9,2,2,0
"1105",27117,44,18,3,3,0
"1106",27119,92,54,9,9,0
"1107",27121,34,19,3,3,0
"1108",27123,1925,1328,151,151,10
"1109",27127,25,25,4,4,0
"1110",27129,16,16,3,3,0
"1111",27131,49,32,6,6,0
"1112",27133,28,25,4,4,0
"1113",27135,25,25,4,4,0
"1114",27137,1121,815,97,97,18
"1115",27139,142,109,19,19,0
"1116",27141,54,33,4,4,0
"1117",27143,20,16,3,3,0
"1118",27145,590,535,52,52,30
"1119",27147,43,29,5,5,0
"1120",27149,49,25,4,4,0
"1121",27151,36,33,6,6,0
"1122",27153,71,39,5,5,0
"1123",27155,25,15,3,3,0
"1124",27157,25,14,2,2,0
"1125",27159,124,100,15,15,0
"1126",27161,35,15,3,3,0
"1127",27163,183,154,31,31,0
"1128",27165,50,50,8,8,0
"1129",27167,25,25,4,4,0
"1130",27169,49,49,8,8,0
"1131",27171,106,85,11,11,0
"1132",27173,55,47,8,8,0
"1133",28001,159,147,15,15,0
"1134",28003,200,163,24,24,0
"1135",28005,25,16,3,3,0
"1136",28007,25,25,4,4,0
"1137",28011,164,152,8,8,0
"1138",28013,25,25,4,4,0
"1139",28017,84,39,7,7,0
"1140",28019,25,15,3,3,0
"1141",28021,32,22,4,4,0
"1142",28023,25,25,4,4,0
"1143",28025,49,49,6,6,0
"1144",28027,181,181,10,10,0
"1145",28029,25,25,4,4,0
"1146",28031,35,25,4,4,0
"1147",28033,514,470,62,62,1
"1148",28035,542,457,45,45,0
"1149",28037,25,24,4,4,0
"1150",28039,48,42,6,6,0
"1151",28041,7,7,1,1,0
"1152",28043,156,49,9,9,0
"1153",28045,102,47,6,6,0
"1154",28047,1081,854,66,66,23
"1155",28049,2391,2055,195,195,199
"1156",28051,25,25,4,4,0
"1157",28059,435,435,48,48,0
"1158",28061,16,16,3,3,0
"1159",28063,30,12,2,2,0
"1160",28065,35,25,4,4,0
"1161",28067,285,268,14,14,0
"1162",28069,25,25,4,4,0
"1163",28071,217,169,24,24,0
"1164",28073,261,175,17,17,0
"1165",28075,988,767,74,74,6
"1166",28077,25,25,4,4,0
"1167",28079,25,25,4,4,0
"1168",28081,700,577,42,42,26
"1169",28083,40,173,9,9,0
"1170",28085,99,90,5,5,0
"1171",28087,315,158,18,18,0
"1172",28089,67,67,7,7,0
"1173",28091,49,49,6,6,0
"1174",28093,40,27,5,5,0
"1175",28095,130,120,13,13,6
"1176",28097,25,25,4,4,0
"1177",28099,68,58,11,11,0
"1178",28101,25,25,4,4,0
"1179",28103,25,25,4,4,0
"1180",28105,96,88,6,6,0
"1181",28107,112,45,8,8,0
"1182",28109,84,73,10,10,0
"1183",28111,22,22,4,4,0
"1184",28113,191,177,19,19,0
"1185",28115,25,25,4,4,0
"1186",28117,114,39,7,7,0
"1187",28121,2055,608,44,44,36
"1188",28123,35,25,4,4,0
"1189",28125,29,19,3,3,0
"1190",28127,99,69,12,12,0
"1191",28129,29,19,3,3,0
"1192",28131,25,25,4,4,0
"1193",28133,138,126,12,12,0
"1194",28135,18,9,2,2,0
"1195",28139,25,25,4,4,0
"1196",28141,48,48,8,8,0
"1197",28145,153,92,8,8,0
"1198",28147,25,25,4,4,0
"1199",28149,396,336,27,27,0
"1200",28151,266,216,28,28,0
"1201",28153,80,49,6,6,0
"1202",28155,38,38,7,7,0
"1203",28159,41,14,2,2,0
"1204",28161,26,26,5,5,0
"1205",28163,25,25,4,4,0
"1206",29001,93,51,10,10,0
"1207",29005,18,16,3,3,0
"1208",29007,70,40,7,7,0
"1209",29009,43,43,7,7,0
"1210",29011,25,25,4,4,0
"1211",29013,60,44,8,8,0
"1212",29019,1184,1199,150,150,97
"1213",29021,501,501,27,27,0
"1214",29023,240,220,14,14,0
"1215",29027,75,56,3,3,0
"1216",29029,130,114,18,18,0
"1217",29031,580,494,51,51,36
"1218",29033,25,21,4,4,0
"1219",29037,106,96,9,9,0
"1220",29039,41,41,16,16,0
"1221",29047,769,694,43,43,0
"1222",29049,58,34,5,5,0
"1223",29051,268,254,25,25,0
"1224",29055,35,25,4,4,0
"1225",29065,55,25,4,4,0
"1226",29071,148,148,13,13,0
"1227",29073,24,24,4,4,0
"1228",29075,35,25,4,4,0
"1229",29077,1748,1497,203,203,80
"1230",29079,22,21,4,4,0
"1231",29081,19,14,4,4,0
"1232",29083,110,96,8,8,0
"1233",29091,139,128,16,16,0
"1234",29093,15,15,4,4,0
"1235",29095,2959,2319,280,280,176
"1236",29097,25,25,4,4,0
"1237",29099,321,279,28,28,0
"1238",29101,62,46,8,8,0
"1239",29105,58,43,4,4,0
"1240",29107,32,25,2,2,0
"1241",29109,53,25,4,4,0
"1242",29113,25,25,4,4,0
"1243",29115,25,25,4,4,0
"1244",29117,25,25,4,4,0
"1245",29121,25,25,4,4,0
"1246",29123,144,25,4,4,0
"1247",29127,99,86,8,8,0
"1248",29145,658,634,96,96,38
"1249",29147,81,38,7,7,0
"1250",29155,167,49,7,7,0
"1251",29157,25,25,4,4,0
"1252",29159,99,108,9,9,0
"1253",29161,242,172,18,18,0
"1254",29163,25,25,4,4,0
"1255",29165,97,118,12,12,0
"1256",29167,86,52,8,8,0
"1257",29169,46,46,0,0,0
"1258",29171,15,15,3,3,0
"1259",29175,99,33,8,8,0
"1260",29177,34,25,4,4,0
"1261",29183,874,880,62,62,0
"1262",29185,12,12,2,2,0
"1263",29186,47,25,4,4,0
"1264",29187,471,433,11,11,0
"1265",29189,4846,4371,498,498,244
"1266",29195,60,42,7,7,0
"1267",29199,25,25,4,4,0
"1268",29201,125,110,12,12,0
"1269",29207,48,48,4,4,0
"1270",29211,25,17,3,3,0
"1271",29213,157,105,18,18,0
"1272",29215,66,47,4,4,0
"1273",29217,140,41,6,6,0
"1274",29221,25,25,4,4,0
"1275",29510,2297,2694,321,321,125
"1276",30001,18,18,3,3,0
"1277",30003,49,49,8,8,0
"1278",30005,6,6,1,1,0
"1279",30007,25,25,4,4,0
"1280",30009,10,10,2,2,0
"1281",30011,25,25,4,4,0
"1282",30013,549,332,24,24,24
"1283",30015,50,33,5,5,0
"1284",30017,25,25,4,4,0
"1285",30019,25,25,4,4,0
"1286",30021,25,25,3,3,0
"1287",30023,199,199,4,4,0
"1288",30025,25,25,4,4,0
"1289",30027,25,23,4,4,0
"1290",30029,247,220,25,25,9
"1291",30031,90,87,9,9,0
"1292",30033,25,4,1,1,0
"1293",30035,46,46,8,8,0
"1294",30039,25,25,4,4,0
"1295",30041,49,49,6,6,0
"1296",30047,47,47,9,9,0
"1297",30049,153,131,9,9,2
"1298",30051,25,25,4,4,0
"1299",30053,25,25,4,4,0
"1300",30055,25,25,4,4,0
"1301",30057,15,20,4,4,0
"1302",30059,25,25,4,4,0
"1303",30061,25,24,4,4,0
"1304",30063,404,299,32,32,24
"1305",30065,25,25,4,4,0
"1306",30067,25,25,4,4,0
"1307",30071,6,6,1,1,0
"1308",30073,20,20,3,3,0
"1309",30077,16,16,3,3,0
"1310",30079,22,22,4,4,0
"1311",30081,25,25,5,5,0
"1312",30083,25,25,4,4,0
"1313",30085,67,75,13,13,0
"1314",30087,25,25,1,1,0
"1315",30089,16,16,3,3,0
"1316",30091,19,19,3,3,0
"1317",30093,98,71,11,11,0
"1318",30095,10,10,2,2,0
"1319",30097,25,25,4,4,0
"1320",30099,25,25,4,4,0
"1321",30101,21,21,4,4,0
"1322",30105,25,25,4,4,0
"1323",30107,25,25,4,4,0
"1324",30111,664,577,53,53,48
"1325",31001,200,127,10,10,0
"1326",31003,23,23,4,4,0
"1327",31011,25,25,4,4,0
"1328",31013,25,25,4,4,0
"1329",31015,15,20,3,3,0
"1330",31017,23,23,4,4,0
"1331",31019,267,362,34,34,18
"1332",31021,16,16,3,3,0
"1333",31023,20,20,3,3,0
"1334",31029,20,22,4,4,0
"1335",31031,19,25,4,4,0
"1336",31033,25,19,4,4,0
"1337",31037,25,25,4,4,0
"1338",31039,25,25,4,4,0
"1339",31041,35,35,6,6,0
"1340",31045,25,25,4,4,0
"1341",31047,57,57,9,9,0
"1342",31053,75,50,9,9,0
"1343",31055,2630,2194,317,317,129
"1344",31057,14,14,2,2,0
"1345",31059,20,20,3,3,0
"1346",31061,14,14,2,2,0
"1347",31065,20,20,3,3,0
"1348",31067,25,25,3,3,0
"1349",31069,10,10,2,2,0
"1350",31079,157,140,16,16,9
"1351",31081,12,14,2,2,0
"1352",31083,19,19,3,3,0
"1353",31089,42,42,7,7,0
"1354",31093,10,16,3,3,0
"1355",31095,17,17,3,3,0
"1356",31097,18,18,3,3,0
"1357",31099,10,10,2,2,0
"1358",31101,18,18,3,3,0
"1359",31105,15,15,3,3,0
"1360",31107,23,23,4,4,0
"1361",31109,1062,1126,103,103,57
"1362",31111,116,97,19,19,0
"1363",31119,131,131,24,24,0
"1364",31121,20,20,3,3,0
"1365",31123,20,20,3,3,0
"1366",31125,19,19,3,3,0
"1367",31127,16,16,3,3,0
"1368",31129,25,25,4,4,0
"1369",31131,28,28,5,5,0
"1370",31133,11,17,3,3,0
"1371",31135,20,20,3,3,0
"1372",31137,25,25,4,4,0
"1373",31139,35,35,6,6,0
"1374",31141,47,47,5,5,0
"1375",31143,16,16,3,3,0
"1376",31145,25,25,4,4,0
"1377",31147,24,24,4,4,0
"1378",31149,24,24,4,4,0
"1379",31151,43,43,7,7,0
"1380",31153,212,89,13,13,3
"1381",31155,16,16,3,3,0
"1382",31157,166,122,22,22,0
"1383",31159,24,24,4,4,0
"1384",31161,25,25,4,4,0
"1385",31169,17,19,3,3,0
"1386",31173,34,34,6,6,0
"1387",31175,16,16,3,3,0
"1388",31177,21,21,4,4,0
"1389",31179,21,25,4,4,0
"1390",31181,13,13,2,2,0
"1391",31185,38,38,6,6,0
"1392",32001,40,25,4,4,0
"1393",32003,7051,5937,652,652,311
"1394",32005,23,23,4,4,0
"1395",32007,75,59,7,7,0
"1396",32013,53,25,3,3,0
"1397",32015,25,5,2,2,0
"1398",32017,20,4,1,1,0
"1399",32019,63,14,2,2,0
"1400",32021,35,11,2,2,0
"1401",32023,25,25,4,4,0
"1402",32027,38,13,2,2,0
"1403",32031,1783,1390,302,302,68
"1404",32033,25,25,4,4,0
"1405",32510,255,219,32,32,0
"1406",33001,137,86,10,10,0
"1407",33003,50,50,8,8,0
"1408",33005,169,86,27,27,0
"1409",33007,66,66,10,10,0
"1410",33009,506,500,64,64,30
"1411",33011,1082,814,66,66,0
"1412",33013,563,474,29,29,0
"1413",33015,617,506,43,43,0
"1414",33017,290,182,17,17,0
"1415",33019,25,25,4,4,0
"1416",34001,557,821,65,65,22
"1417",34003,2874,1934,122,122,56
"1418",34005,894,795,100,100,0
"1419",34007,2231,2407,166,166,94
"1420",34009,242,149,16,16,0
"1421",34011,365,321,24,24,0
"1422",34013,3541,2515,226,226,169
"1423",34015,311,233,46,46,0
"1424",34017,1764,1086,89,89,41
"1425",34019,184,170,12,12,0
"1426",34021,1608,1199,83,83,0
"1427",34023,2527,2112,232,232,104
"1428",34025,2155,1643,128,128,75
"1429",34027,1782,1566,111,111,38
"1430",34029,1528,1325,114,114,0
"1431",34031,920,823,53,53,56
"1432",34033,222,209,19,19,0
"1433",34035,944,820,45,45,0
"1434",34037,148,130,10,10,0
"1435",34039,1332,951,77,77,15
"1436",34041,309,156,20,20,0
"1437",35001,1981,1937,179,179,163
"1438",35005,232,204,24,24,0
"1439",35006,31,31,5,5,0
"1440",35007,25,25,4,4,0
"1441",35009,100,106,8,8,0
"1442",35013,618,663,60,60,12
"1443",35015,148,130,18,18,0
"1444",35017,68,32,6,6,0
"1445",35019,10,10,2,2,0
"1446",35025,124,86,12,12,0
"1447",35027,25,25,4,4,0
"1448",35028,47,47,6,6,0
"1449",35029,25,25,6,6,0
"1450",35031,191,148,26,26,0
"1451",35035,106,56,11,11,0
"1452",35037,25,25,4,4,0
"1453",35039,70,52,8,8,0
"1454",35041,24,20,4,4,0
"1455",35043,60,60,11,11,0
"1456",35045,270,260,21,21,0
"1457",35047,175,226,8,8,0
"1458",35049,240,225,25,25,0
"1459",35051,25,11,2,2,0
"1460",35053,24,24,4,4,0
"1461",35055,25,6,6,6,0
"1462",35059,25,25,4,4,0
"1463",36001,1531,1478,116,116,75
"1464",36003,55,69,9,9,0
"1465",36005,2816,3345,274,274,162
"1466",36007,573,492,47,47,14
"1467",36009,186,260,46,46,0
"1468",36011,99,85,15,15,0
"1469",36013,356,208,27,27,0
"1470",36015,471,325,24,24,18
"1471",36017,58,58,7,7,0
"1472",36019,300,300,21,21,0
"1473",36021,192,95,9,9,0
"1474",36023,162,103,12,12,0
"1475",36025,63,56,10,10,0
"1476",36027,942,874,59,59,15
"1477",36029,2573,2265,307,307,129
"1478",36031,25,25,4,4,0
"1479",36033,171,131,13,13,0
"1480",36035,74,58,8,8,0
"1481",36037,111,131,10,10,0
"1482",36043,25,25,4,4,0
"1483",36045,330,287,18,18,12
"1484",36047,5838,4320,282,282,216
"1485",36049,31,25,6,6,0
"1486",36051,67,67,12,12,0
"1487",36053,126,126,10,10,0
"1488",36055,2331,2038,247,247,100
"1489",36057,120,100,8,8,0
"1490",36059,4758,3598,334,334,237
"1491",36061,8625,7454,944,944,460
"1492",36063,482,411,32,32,0
"1493",36065,951,737,37,37,0
"1494",36067,1490,1736,145,145,86
"1495",36069,384,307,27,27,0
"1496",36071,1113,986,76,76,20
"1497",36073,39,25,4,4,0
"1498",36075,132,132,8,8,0
"1499",36077,233,227,26,26,0
"1500",36079,164,120,10,10,0
"1501",36081,3210,2663,146,146,92
"1502",36083,292,257,30,30,0
"1503",36085,1177,1060,72,72,40
"1504",36087,1301,1144,50,50,20
"1505",36089,387,384,27,27,0
"1506",36091,259,259,30,30,0
"1507",36093,483,351,39,39,0
"1508",36095,25,40,7,7,0
"1509",36097,25,25,4,4,0
"1510",36101,115,95,14,14,0
"1511",36103,3882,3509,298,298,109
"1512",36105,169,99,18,18,0
"1513",36109,212,163,16,16,0
"1514",36111,325,209,28,28,0
"1515",36113,391,361,24,24,0
"1516",36117,120,101,8,8,0
"1517",36119,3014,2427,233,233,109
"1518",36121,62,50,5,5,0
"1519",36123,35,25,4,4,0
"1520",37001,238,176,20,20,12
"1521",37005,41,25,4,4,0
"1522",37007,15,15,3,3,0
"1523",37009,76,25,4,4,0
"1524",37011,50,21,4,4,0
"1525",37013,142,72,8,8,0
"1526",37015,6,6,1,1,0
"1527",37017,58,25,4,4,0
"1528",37019,139,126,23,23,0
"1529",37021,1009,849,151,151,51
"1530",37023,746,587,16,16,4
"1531",37025,457,447,15,15,25
"1532",37027,110,110,12,12,0
"1533",37031,135,99,8,8,0
"1534",37035,613,426,52,52,6
"1535",37037,25,25,4,4,0
"1536",37039,57,25,5,5,0
"1537",37041,49,25,4,4,0
"1538",37045,375,292,57,57,0
"1539",37047,154,154,27,27,0
"1540",37049,350,286,72,72,0
"1541",37051,838,694,56,56,44
"1542",37055,21,21,4,4,0
"1543",37057,240,154,29,29,0
"1544",37059,50,50,9,9,0
"1545",37061,81,49,9,9,0
"1546",37063,1446,1358,174,174,135
"1547",37065,117,101,15,15,0
"1548",37067,2134,1990,205,205,100
"1549",37071,435,383,57,57,0
"1550",37077,1442,1342,164,164,0
"1551",37081,1388,955,124,124,36
"1552",37083,204,106,16,16,0
"1553",37085,248,268,32,32,0
"1554",37087,154,122,12,12,0
"1555",37089,325,233,27,27,0
"1556",37091,114,70,10,10,0
"1557",37093,49,61,11,11,0
"1558",37097,514,406,36,36,0
"1559",37099,86,82,9,9,0
"1560",37101,199,179,24,24,0
"1561",37105,137,127,8,8,1
"1562",37107,261,1086,190,190,0
"1563",37109,101,101,10,10,0
"1564",37111,65,49,9,9,0
"1565",37113,83,49,9,9,0
"1566",37117,49,43,6,6,0
"1567",37119,2662,2388,188,188,164
"1568",37121,46,25,4,4,0
"1569",37123,37,4,2,2,0
"1570",37125,402,412,56,56,13
"1571",37127,395,372,29,29,9
"1572",37129,861,714,45,45,51
"1573",37133,306,306,14,14,0
"1574",37135,1006,886,47,47,20
"1575",37139,182,91,10,10,0
"1576",37141,86,25,4,4,0
"1577",37145,98,38,6,6,0
"1578",37147,1088,930,83,83,12
"1579",37149,35,25,6,6,0
"1580",37151,145,145,12,12,0
"1581",37155,452,256,25,25,0
"1582",37157,229,108,9,9,0
"1583",37159,268,169,21,21,0
"1584",37161,143,111,18,18,0
"1585",37163,146,71,8,8,0
"1586",37165,104,97,8,8,0
"1587",37167,109,97,10,10,0
"1588",37169,99,25,4,4,0
"1589",37171,226,181,24,24,0
"1590",37173,68,44,8,8,0
"1591",37175,92,25,4,4,0
"1592",37179,182,182,14,14,4
"1593",37181,184,91,20,20,0
"1594",37183,2376,2067,177,177,80
"1595",37187,49,25,4,4,0
"1596",37189,117,95,10,10,4
"1597",37191,569,514,16,16,0
"1598",37193,130,93,8,8,0
"1599",37195,294,270,14,14,0
"1600",38001,25,25,4,4,0
"1601",38003,25,25,4,4,0
"1602",38009,25,25,4,4,0
"1603",38011,23,23,4,4,0
"1604",38015,510,386,52,52,0
"1605",38017,1254,1352,280,280,0
"1606",38019,20,20,3,3,0
"1607",38021,20,20,3,3,0
"1608",38023,15,15,3,3,0
"1609",38029,14,14,2,2,0
"1610",38031,25,25,4,4,0
"1611",38035,419,384,36,36,0
"1612",38037,25,30,5,5,0
"1613",38039,18,18,3,3,0
"1614",38051,44,44,7,7,0
"1615",38053,24,24,4,4,0
"1616",38055,47,47,8,8,0
"1617",38057,13,13,2,2,0
"1618",38059,41,41,6,6,0
"1619",38061,11,11,2,2,0
"1620",38063,19,19,3,3,0
"1621",38067,20,20,3,3,0
"1622",38069,25,25,4,4,0
"1623",38071,25,25,4,4,0
"1624",38073,25,25,4,4,0
"1625",38079,52,52,9,9,0
"1626",38085,12,12,2,2,0
"1627",38089,25,25,4,4,0
"1628",38093,165,131,6,6,0
"1629",38095,20,20,3,3,0
"1630",38097,41,41,7,7,0
"1631",38099,28,28,4,4,0
"1632",38101,190,190,23,23,16
"1633",38103,25,25,4,4,0
"1634",38105,50,50,8,8,0
"1635",39001,25,25,4,4,0
"1636",39003,816,529,44,44,0
"1637",39005,123,39,6,6,0
"1638",39007,431,286,39,39,0
"1639",39009,156,156,11,11,0
"1640",39011,131,36,6,6,0
"1641",39013,165,165,13,13,0
"1642",39017,790,631,56,56,0
"1643",39021,25,25,4,4,0
"1644",39023,270,270,42,42,0
"1645",39025,160,147,16,16,0
"1646",39027,179,89,8,8,0
"1647",39029,331,219,20,20,0
"1648",39031,56,56,7,7,0
"1649",39033,75,50,9,9,0
"1650",39035,7053,5395,794,794,206
"1651",39037,104,40,6,6,0
"1652",39039,104,73,16,16,0
"1653",39041,124,124,6,6,0
"1654",39043,287,183,18,18,0
"1655",39045,255,223,22,22,0
"1656",39047,25,25,5,5,0
"1657",39049,5514,5508,583,583,260
"1658",39051,117,25,7,7,0
"1659",39053,287,157,14,14,0
"1660",39055,124,124,12,12,0
"1661",39057,263,235,20,20,0
"1662",39059,255,156,11,11,0
"1663",39061,4627,3729,349,349,163
"1664",39063,201,166,29,29,0
"1665",39065,25,25,4,4,0
"1666",39067,25,25,4,4,0
"1667",39069,31,25,5,5,0
"1668",39071,70,50,8,8,0
"1669",39073,25,25,4,4,0
"1670",39075,69,41,4,4,0
"1671",39077,139,98,12,12,0
"1672",39079,25,24,6,6,0
"1673",39081,256,171,20,20,0
"1674",39083,111,65,12,12,0
"1675",39085,294,471,27,27,0
"1676",39087,8,8,1,1,0
"1677",39089,262,262,20,20,0
"1678",39091,115,39,7,7,0
"1679",39093,887,838,62,62,0
"1680",39095,3434,2203,261,261,46
"1681",39097,94,45,13,13,0
"1682",39099,1039,662,86,86,0
"1683",39101,174,174,15,15,0
"1684",39103,191,150,15,15,0
"1685",39107,88,42,5,5,0
"1686",39109,182,119,42,42,0
"1687",39113,2362,1977,252,252,125
"1688",39117,25,23,3,3,0
"1689",39119,321,282,24,24,0
"1690",39123,25,25,4,4,0
"1691",39125,25,25,4,4,0
"1692",39129,83,83,8,8,0
"1693",39131,25,25,4,4,0
"1694",39133,302,191,16,16,0
"1695",39139,409,279,41,41,0
"1696",39141,261,189,12,12,0
"1697",39143,245,152,18,18,0
"1698",39145,446,202,18,18,0
"1699",39147,144,69,5,5,0
"1700",39149,90,61,7,7,0
"1701",39151,1675,1006,129,129,0
"1702",39153,2527,2096,231,231,40
"1703",39155,752,517,43,43,0
"1704",39157,174,153,14,14,0
"1705",39159,97,60,7,7,0
"1706",39161,195,145,5,5,0
"1707",39165,372,265,22,22,0
"1708",39167,243,213,15,15,0
"1709",39169,184,129,18,18,0
"1710",39171,123,100,11,11,0
"1711",39173,149,149,18,18,0
"1712",39175,31,24,4,4,0
"1713",40001,67,30,5,5,0
"1714",40005,25,25,4,4,0
"1715",40007,24,24,4,4,0
"1716",40009,62,34,6,6,0
"1717",40011,42,42,7,7,0
"1718",40013,148,140,8,8,0
"1719",40015,42,42,7,7,0
"1720",40017,75,74,8,8,0
"1721",40019,212,162,17,17,0
"1722",40021,150,122,23,23,0
"1723",40023,34,34,6,6,0
"1724",40025,25,25,4,4,0
"1725",40027,658,533,70,70,0
"1726",40029,20,20,3,3,0
"1727",40031,550,365,35,35,0
"1728",40035,255,235,6,6,0
"1729",40037,95,95,18,18,0
"1730",40039,80,70,8,8,0
"1731",40041,58,58,6,6,0
"1732",40043,18,18,3,3,0
"1733",40045,23,25,4,4,0
"1734",40047,436,349,34,34,0
"1735",40049,26,26,5,5,0
"1736",40051,75,49,9,9,0
"1737",40055,18,18,3,3,0
"1738",40057,25,22,4,4,0
"1739",40059,25,15,3,3,0
"1740",40063,25,25,4,4,0
"1741",40065,49,49,6,6,0
"1742",40067,18,25,4,4,0
"1743",40069,25,25,4,4,0
"1744",40071,189,82,16,16,0
"1745",40073,25,25,4,4,0
"1746",40075,38,38,7,7,0
"1747",40077,43,43,8,8,0
"1748",40079,43,25,4,4,0
"1749",40081,50,50,8,8,0
"1750",40083,25,25,4,4,0
"1751",40085,25,25,4,4,0
"1752",40087,39,39,7,7,0
"1753",40089,25,77,6,6,0
"1754",40093,25,25,4,4,0
"1755",40095,25,21,4,4,0
"1756",40097,48,24,4,4,0
"1757",40099,25,25,4,4,0
"1758",40101,384,328,34,34,0
"1759",40103,26,26,5,5,0
"1760",40105,25,25,4,4,0
"1761",40107,24,25,4,4,0
"1762",40109,4701,3683,482,482,186
"1763",40111,115,107,15,15,0
"1764",40113,40,40,7,7,0
"1765",40115,70,144,9,9,0
"1766",40117,14,14,2,2,0
"1767",40119,216,161,11,11,0
"1768",40121,164,132,15,15,0
"1769",40123,276,240,25,25,0
"1770",40125,130,111,19,19,0
"1771",40127,23,42,7,7,0
"1772",40129,15,15,3,3,0
"1773",40131,127,100,14,14,0
"1774",40133,32,32,6,6,0
"1775",40135,41,41,7,7,0
"1776",40137,110,86,9,9,0
"1777",40139,33,47,8,8,0
"1778",40143,4638,3026,344,344,120
"1779",40145,100,100,6,6,0
"1780",40147,140,81,14,14,0
"1781",40149,14,14,2,2,0
"1782",40151,25,25,4,4,0
"1783",40153,115,64,6,6,0
"1784",41001,36,21,2,2,0
"1785",41003,188,169,12,12,0
"1786",41005,699,570,70,70,20
"1787",41007,83,48,8,8,0
"1788",41011,218,166,18,18,0
"1789",41013,16,16,3,3,0
"1790",41015,24,16,3,3,0
"1791",41017,304,270,36,36,0
"1792",41019,190,156,35,35,0
"1793",41023,25,14,2,2,0
"1794",41025,25,19,2,2,0
"1795",41027,25,25,4,4,0
"1796",41029,595,458,34,34,0
"1797",41031,25,25,4,4,0
"1798",41033,125,121,12,12,0
"1799",41035,176,105,18,18,0
"1800",41037,24,24,4,4,0
"1801",41039,749,721,84,84,36
"1802",41041,50,50,8,8,0
"1803",41043,128,92,15,15,0
"1804",41045,49,44,8,8,0
"1805",41047,1120,1067,68,68,27
"1806",41049,21,21,4,4,0
"1807",41051,2987,2131,261,261,152
"1808",41053,25,15,3,3,0
"1809",41057,49,25,4,4,0
"1810",41059,114,66,11,11,0
"1811",41061,25,25,4,4,0
"1812",41063,25,23,4,4,0
"1813",41065,49,43,17,17,0
"1814",41067,933,872,69,69,47
"1815",41071,128,90,11,11,0
"1816",42001,76,76,8,8,0
"1817",42003,7101,6092,638,638,218
"1818",42005,147,131,12,12,0
"1819",42007,320,229,25,25,0
"1820",42009,40,40,4,4,0
"1821",42011,1326,1142,74,74,36
"1822",42013,518,496,42,42,0
"1823",42015,314,310,46,46,0
"1824",42017,1137,993,183,183,10
"1825",42019,296,267,35,35,0
"1826",42021,537,423,26,26,16
"1827",42025,159,68,6,6,0
"1828",42027,440,432,43,43,0
"1829",42029,1175,1133,105,105,18
"1830",42031,146,169,7,7,0
"1831",42033,266,241,22,22,16
"1832",42035,68,63,11,11,0
"1833",42037,166,143,22,22,0
"1834",42039,283,170,16,16,0
"1835",42041,683,612,61,61,5
"1836",42043,1395,1261,97,97,79
"1837",42045,1071,948,94,94,24
"1838",42047,35,25,4,4,0
"1839",42049,1160,1040,81,81,45
"1840",42051,224,210,26,26,0
"1841",42055,454,411,80,80,7
"1842",42057,21,21,4,4,0
"1843",42059,23,23,4,4,0
"1844",42061,71,57,7,7,0
"1845",42063,166,134,12,12,0
"1846",42065,84,69,9,9,0
"1847",42069,984,855,53,53,15
"1848",42071,1106,936,73,73,34
"1849",42073,153,206,12,12,0
"1850",42075,407,393,20,20,0
"1851",42077,1544,1624,181,181,50
"1852",42079,1162,974,74,74,14
"1853",42081,331,303,35,35,0
"1854",42083,138,138,10,10,0
"1855",42085,433,404,28,28,0
"1856",42087,123,109,10,10,0
"1857",42089,339,295,32,32,0
"1858",42091,3150,3023,289,289,31
"1859",42093,792,757,75,75,55
"1860",42095,906,774,54,54,16
"1861",42101,6833,5715,847,847,245
"1862",42105,49,25,4,4,0
"1863",42107,364,266,58,58,0
"1864",42111,185,148,23,23,0
"1865",42115,50,50,8,8,0
"1866",42117,25,25,6,6,0
"1867",42119,132,123,12,12,0
"1868",42121,158,118,8,8,0
"1869",42123,237,237,6,6,0
"1870",42125,578,448,55,55,0
"1871",42127,95,76,8,8,0
"1872",42129,974,794,77,77,0
"1873",42131,44,44,6,6,0
"1874",42133,967,808,93,93,44
"1875",44003,359,323,15,15,0
"1876",44005,129,102,10,10,0
"1877",44007,2700,2413,333,333,80
"1878",44009,225,154,17,17,0
"1879",45001,25,25,6,6,0
"1880",45003,273,204,35,35,0
"1881",45005,25,25,4,4,0
"1882",45007,721,460,25,25,0
"1883",45013,364,318,24,24,0
"1884",45015,50,0,32,32,0
"1885",45019,2130,1830,302,302,80
"1886",45021,125,44,12,12,0
"1887",45023,82,36,6,6,0
"1888",45025,59,48,6,6,0
"1889",45027,81,49,6,6,0
"1890",45029,135,102,8,8,0
"1891",45031,188,152,18,18,0
"1892",45033,79,72,6,6,0
"1893",45037,25,25,4,4,0
"1894",45041,1003,1011,135,135,48
"1895",45043,284,422,19,19,0
"1896",45045,2497,1419,150,150,70
"1897",45047,400,332,25,25,18
"1898",45049,32,32,6,6,0
"1899",45051,832,741,101,101,0
"1900",45053,41,41,4,4,0
"1901",45055,119,121,10,10,0
"1902",45057,274,208,20,20,0
"1903",45059,76,43,9,9,0
"1904",45063,630,558,39,39,0
"1905",45067,124,94,10,10,0
"1906",45071,90,48,7,7,0
"1907",45073,169,122,21,21,0
"1908",45075,301,266,20,20,0
"1909",45077,164,131,20,20,0
"1910",45079,2171,2054,144,144,142
"1911",45083,932,796,49,49,27
"1912",45085,283,173,17,17,0
"1913",45087,85,49,6,6,0
"1914",45089,25,25,4,4,0
"1915",45091,338,318,24,24,0
"1916",46005,25,25,6,6,0
"1917",46007,14,14,2,2,0
"1918",46009,45,50,8,8,0
"1919",46011,49,49,9,9,0
"1920",46013,157,97,14,14,0
"1921",46015,25,25,4,4,0
"1922",46023,37,37,6,6,0
"1923",46027,25,25,4,4,0
"1924",46029,81,81,8,8,0
"1925",46033,11,11,2,2,0
"1926",46035,50,50,8,8,0
"1927",46037,25,20,3,3,0
"1928",46039,10,10,2,2,0
"1929",46043,11,11,2,2,0
"1930",46045,12,12,2,2,0
"1931",46047,25,25,4,4,0
"1932",46049,12,12,2,2,0
"1933",46051,25,25,4,4,0
"1934",46053,41,41,7,7,0
"1935",46055,18,18,3,3,0
"1936",46059,11,25,4,4,0
"1937",46065,50,50,6,6,0
"1938",46067,50,50,8,8,0
"1939",46073,16,16,3,3,0
"1940",46077,6,6,1,1,0
"1941",46079,22,22,4,4,0
"1942",46081,62,45,5,5,0
"1943",46083,64,64,11,11,0
"1944",46089,4,4,1,1,0
"1945",46091,20,20,3,3,0
"1946",46093,79,79,3,3,0
"1947",46099,1197,1036,110,110,43
"1948",46101,18,18,3,3,0
"1949",46102,45,45,8,8,0
"1950",46103,449,403,108,108,28
"1951",46107,6,10,2,2,0
"1952",46109,25,25,4,4,0
"1953",46115,25,23,4,4,0
"1954",46121,35,35,6,6,0
"1955",46123,25,25,4,4,0
"1956",46125,12,12,2,2,0
"1957",46127,38,38,7,7,0
"1958",46129,25,25,4,4,0
"1959",46135,242,168,12,12,0
"1960",46137,8,8,1,1,0
"1961",47001,317,220,25,25,0
"1962",47003,60,44,8,8,0
"1963",47005,25,25,4,4,0
"1964",47007,25,25,4,4,0
"1965",47009,459,348,8,8,0
"1966",47011,251,183,27,27,0
"1967",47013,120,81,10,10,0
"1968",47015,60,30,5,5,0
"1969",47017,70,42,7,7,0
"1970",47019,121,109,8,8,0
"1971",47021,12,12,2,2,0
"1972",47025,85,33,5,5,0
"1973",47029,74,32,5,5,0
"1974",47031,160,123,22,22,0
"1975",47035,189,73,12,12,0
"1976",47037,4372,3131,604,604,239
"1977",47039,40,40,7,7,0
"1978",47041,71,52,4,4,0
"1979",47043,157,91,6,6,0
"1980",47045,225,109,14,14,0
"1981",47051,152,131,10,10,0
"1982",47053,70,47,3,3,0
"1983",47055,95,81,6,6,0
"1984",47059,240,189,17,17,0
"1985",47063,167,116,20,20,0
"1986",47065,1735,1703,188,188,110
"1987",47067,10,10,2,2,0
"1988",47069,238,175,4,4,0
"1989",47071,58,49,9,9,0
"1990",47073,50,32,6,6,0
"1991",47077,45,36,6,6,0
"1992",47079,142,64,11,11,0
"1993",47081,25,25,4,4,0
"1994",47083,25,25,4,4,0
"1995",47085,25,25,4,4,0
"1996",47089,58,58,6,6,0
"1997",47091,2,2,1,1,0
"1998",47093,1733,1650,260,260,84
"1999",47097,25,25,4,4,0
"2000",47099,99,89,6,6,0
"2001",47103,59,49,6,6,0
"2002",47105,50,30,5,5,0
"2003",47107,118,88,4,4,0
"2004",47111,25,25,4,4,0
"2005",47113,900,870,89,89,34
"2006",47117,25,25,4,4,0
"2007",47119,271,281,41,41,0
"2008",47123,59,59,10,10,0
"2009",47125,337,301,21,21,13
"2010",47131,173,63,11,11,0
"2011",47133,114,90,6,6,0
"2012",47135,53,21,4,4,0
"2013",47141,285,247,38,38,0
"2014",47143,25,25,3,3,0
"2015",47145,54,52,6,6,0
"2016",47147,109,109,8,8,0
"2017",47149,838,759,82,82,25
"2018",47151,25,25,4,4,0
"2019",47155,79,58,16,16,0
"2020",47157,4052,3283,353,353,220
"2021",47159,25,25,2,2,0
"2022",47163,1211,851,101,101,20
"2023",47165,265,255,38,38,6
"2024",47167,100,47,8,8,0
"2025",47169,25,25,4,4,0
"2026",47171,48,10,3,3,0
"2027",47177,125,100,8,8,0
"2028",47179,607,561,77,77,39
"2029",47181,80,30,5,5,0
"2030",47183,156,94,7,7,0
"2031",47185,60,32,4,4,0
"2032",47187,310,305,29,29,0
"2033",47189,170,170,12,12,0
"2034",48001,156,150,10,10,0
"2035",48003,34,30,5,5,0
"2036",48005,465,367,43,43,15
"2037",48013,67,67,6,6,0
"2038",48015,30,32,6,6,0
"2039",48017,25,25,4,4,0
"2040",48021,8,8,1,1,0
"2041",48023,25,27,5,5,0
"2042",48025,69,40,8,8,0
"2043",48027,1125,1129,95,95,72
"2044",48029,5861,6439,659,659,445
"2045",48035,25,25,4,4,0
"2046",48037,821,679,71,71,8
"2047",48039,267,183,19,19,0
"2048",48041,684,579,85,85,16
"2049",48043,25,25,3,3,0
"2050",48049,188,77,12,12,0
"2051",48051,25,15,3,3,0
"2052",48053,71,71,12,12,0
"2053",48055,58,57,10,10,0
"2054",48057,25,25,6,6,0
"2055",48061,1374,1173,105,105,78
"2056",48063,25,25,4,4,0
"2057",48069,17,17,3,3,0
"2058",48071,14,14,2,2,0
"2059",48073,388,346,10,10,0
"2060",48075,39,39,7,7,0
"2061",48077,25,25,4,4,0
"2062",48079,18,18,3,3,0
"2063",48083,25,25,4,4,0
"2064",48085,2571,2169,276,276,168
"2065",48087,13,13,2,2,0
"2066",48089,65,61,11,11,0
"2067",48091,208,192,24,24,16
"2068",48093,25,25,4,4,0
"2069",48095,16,16,3,3,0
"2070",48097,78,54,8,8,0
"2071",48099,25,25,4,4,0
"2072",48103,25,25,4,4,0
"2073",48107,25,25,4,4,0
"2074",48109,14,14,2,2,0
"2075",48113,8257,7065,755,755,495
"2076",48115,21,22,4,4,0
"2077",48117,42,30,5,5,0
"2078",48121,1484,1272,156,156,31
"2079",48123,49,44,8,8,0
"2080",48127,25,25,4,4,0
"2081",48133,52,36,6,6,0
"2082",48135,638,510,34,34,79
"2083",48139,189,166,18,18,0
"2084",48141,2598,2265,246,246,140
"2085",48143,98,50,5,5,0
"2086",48145,36,36,6,6,0
"2087",48147,311,317,2,2,0
"2088",48149,65,38,7,7,0
"2089",48151,14,14,2,2,0
"2090",48153,25,25,4,4,0
"2091",48157,1175,1062,129,129,17
"2092",48161,37,37,6,6,0
"2093",48163,22,24,4,4,0
"2094",48165,33,25,4,4,0
"2095",48167,723,723,38,38,64
"2096",48171,84,57,10,10,0
"2097",48177,33,34,6,6,0
"2098",48179,109,97,8,8,0
"2099",48181,676,663,73,73,12
"2100",48183,741,644,62,62,52
"2101",48185,25,18,3,3,0
"2102",48187,153,117,9,9,0
"2103",48189,88,69,5,5,0
"2104",48193,25,42,7,7,0
"2105",48195,14,14,2,2,0
"2106",48197,24,24,4,4,0
"2107",48199,0,0,0,0,0
"2108",48201,15395,12809,1643,1643,635
"2109",48203,149,149,42,42,31
"2110",48205,21,21,4,4,0
"2111",48207,25,25,4,4,0
"2112",48209,435,391,79,79,4
"2113",48211,26,15,3,3,0
"2114",48213,127,127,10,10,0
"2115",48215,1421,1185,260,260,147
"2116",48217,25,25,4,4,0
"2117",48219,48,48,8,8,0
"2118",48221,73,48,12,12,0
"2119",48223,96,56,14,14,0
"2120",48225,25,25,4,4,0
"2121",48227,346,275,8,8,0
"2122",48231,221,176,16,16,0
"2123",48233,25,25,4,4,0
"2124",48237,17,17,3,3,0
"2125",48239,25,25,4,4,0
"2126",48241,59,40,6,6,0
"2127",48245,1198,1387,143,143,55
"2128",48249,135,72,8,8,0
"2129",48251,137,109,7,7,0
"2130",48253,45,7,1,1,0
"2131",48255,25,25,4,4,0
"2132",48257,379,351,8,8,0
"2133",48265,342,302,12,12,0
"2134",48267,15,15,3,3,0
"2135",48273,96,50,10,10,0
"2136",48275,25,28,5,5,0
"2137",48277,154,154,20,20,0
"2138",48279,75,42,7,7,0
"2139",48281,25,25,4,4,0
"2140",48285,48,50,7,7,0
"2141",48291,41,41,8,8,0
"2142",48293,78,69,9,9,0
"2143",48299,27,25,4,4,0
"2144",48303,2115,1954,338,338,91
"2145",48305,24,25,4,4,0
"2146",48307,25,14,6,6,0
"2147",48309,473,437,42,42,30
"2148",48313,25,15,3,3,0
"2149",48317,18,18,3,3,0
"2150",48321,75,63,9,9,0
"2151",48323,101,86,10,10,0
"2152",48325,25,25,4,4,0
"2153",48329,616,370,40,40,0
"2154",48335,25,25,4,4,0
"2155",48337,71,55,9,9,0
"2156",48339,1710,1698,212,212,50
"2157",48341,25,19,3,3,0
"2158",48347,392,297,27,27,16
"2159",48349,162,49,9,9,0
"2160",48353,86,39,5,5,0
"2161",48355,1356,1024,123,123,40
"2162",48357,25,25,4,4,0
"2163",48363,74,48,8,8,0
"2164",48365,42,42,7,7,0
"2165",48367,129,108,20,20,0
"2166",48369,25,25,4,4,0
"2167",48371,39,39,6,6,0
"2168",48373,66,52,8,8,0
"2169",48375,930,818,125,125,56
"2170",48383,7,7,1,1,0
"2171",48389,25,25,4,4,0
"2172",48391,20,20,3,3,0
"2173",48397,245,182,21,21,17
"2174",48399,50,31,6,6,0
"2175",48401,96,41,7,7,0
"2176",48403,25,25,4,4,0
"2177",48405,18,9,2,2,0
"2178",48413,14,14,2,2,0
"2179",48415,25,25,4,4,0
"2180",48423,1744,1632,306,306,0
"2181",48425,16,16,3,3,0
"2182",48427,48,48,8,8,0
"2183",48429,40,14,2,2,0
"2184",48433,20,20,3,3,0
"2185",48435,12,12,2,2,0
"2186",48437,20,20,3,3,0
"2187",48439,6909,5941,744,744,380
"2188",48441,977,733,71,71,41
"2189",48445,45,26,5,5,0
"2190",48447,14,14,2,2,0
"2191",48449,174,49,8,8,0
"2192",48451,584,524,29,29,10
"2193",48453,3126,2859,430,430,269
"2194",48457,49,25,4,4,0
"2195",48461,29,26,5,5,0
"2196",48463,25,21,6,6,0
"2197",48465,93,47,7,7,0
"2198",48469,627,570,83,83,8
"2199",48471,123,90,6,6,0
"2200",48475,25,21,4,4,0
"2201",48477,60,50,5,5,0
"2202",48479,557,515,65,65,29
"2203",48481,94,26,36,36,0
"2204",48483,41,41,7,7,0
"2205",48485,840,812,28,28,0
"2206",48487,28,47,8,8,0
"2207",48491,971,843,157,157,20
"2208",48493,44,44,4,4,0
"2209",48495,19,19,3,3,0
"2210",48497,99,49,21,21,0
"2211",48499,50,48,8,8,0
"2212",48501,24,24,4,4,0
"2213",48503,50,50,8,8,0
"2214",49001,72,30,5,5,0
"2215",49003,74,56,10,10,0
"2216",49005,168,152,18,18,0
"2217",49007,39,49,6,6,0
"2218",49011,433,310,37,37,15
"2219",49013,49,35,4,4,0
"2220",49017,36,15,3,3,0
"2221",49019,17,17,3,3,0
"2222",49021,48,48,6,6,0
"2223",49023,25,25,4,4,0
"2224",49025,25,25,4,4,0
"2225",49027,37,37,6,6,0
"2226",49035,3366,2799,312,312,139
"2227",49037,36,32,3,3,0
"2228",49039,43,43,7,7,0
"2229",49041,29,24,4,4,0
"2230",49043,38,37,4,4,0
"2231",49045,44,36,4,4,0
"2232",49047,39,39,4,4,0
"2233",49049,1316,1187,136,136,96
"2234",49051,19,19,3,3,0
"2235",49053,245,164,32,32,24
"2236",49057,593,457,101,101,17
"2237",50001,45,25,4,4,0
"2238",50003,99,78,10,10,0
"2239",50005,75,25,4,4,0
"2240",50007,562,415,66,66,0
"2241",50011,70,53,9,9,0
"2242",50015,43,25,4,4,0
"2243",50017,52,25,2,2,0
"2244",50019,49,25,5,5,0
"2245",50021,188,124,13,13,0
"2246",50023,130,101,14,14,0
"2247",50025,229,185,11,11,0
"2248",50027,164,50,9,9,0
"2249",51001,52,46,10,10,0
"2250",51003,266,240,18,18,0
"2251",51005,205,95,10,10,0
"2252",51013,394,305,32,32,0
"2253",51015,238,209,8,8,0
"2254",51017,25,14,2,2,0
"2255",51019,50,34,6,6,0
"2256",51027,134,49,12,12,0
"2257",51041,450,450,96,96,35
"2258",51047,70,70,6,6,0
"2259",51051,25,2,1,1,0
"2260",51053,130,130,1,1,0
"2261",51057,67,67,7,7,0
"2262",51059,2810,2581,336,336,124
"2263",51061,97,97,8,8,0
"2264",51067,37,37,4,4,0
"2265",51071,25,25,4,4,0
"2266",51073,67,67,7,7,0
"2267",51083,192,107,12,12,0
"2268",51085,265,264,27,27,0
"2269",51087,1258,818,103,103,58
"2270",51095,106,97,7,7,0
"2271",51103,35,25,4,4,0
"2272",51107,451,429,33,33,0
"2273",51117,85,70,12,12,0
"2274",51121,292,198,22,22,0
"2275",51127,94,94,36,36,0
"2276",51135,180,180,32,32,0
"2277",51139,25,25,4,4,0
"2278",51147,116,86,8,8,0
"2279",51153,243,207,24,24,0
"2280",51155,147,92,8,8,0
"2281",51161,270,270,0,0,0
"2282",51165,238,238,34,34,0
"2283",51167,78,49,5,5,0
"2284",51171,25,25,4,4,0
"2285",51173,153,139,4,4,0
"2286",51177,133,105,12,12,0
"2287",51179,100,90,4,4,0
"2288",51185,207,207,22,22,0
"2289",51187,68,46,8,8,0
"2290",51191,116,115,14,14,0
"2291",51195,134,68,8,8,0
"2292",51197,92,92,6,6,0
"2293",51199,195,189,16,16,0
"2294",51510,323,339,40,40,16
"2295",51520,25,25,0,0,0
"2296",51540,612,585,14,14,85
"2297",51550,310,310,28,28,0
"2298",51590,322,367,34,34,0
"2299",51595,80,70,7,7,0
"2300",51620,90,75,8,8,0
"2301",51630,509,479,28,28,17
"2302",51640,141,141,10,10,0
"2303",51650,363,311,25,25,0
"2304",51670,147,107,17,17,0
"2305",51678,25,25,4,4,0
"2306",51680,570,394,43,43,13
"2307",51683,130,94,11,11,10
"2308",51700,856,605,40,40,0
"2309",51710,1379,1234,217,217,93
"2310",51720,129,65,11,11,0
"2311",51730,572,488,29,29,0
"2312",51740,548,417,23,23,0
"2313",51760,1115,1016,197,197,61
"2314",51770,737,621,47,47,68
"2315",51775,506,330,25,25,0
"2316",51790,132,132,18,18,0
"2317",51800,178,155,12,12,0
"2318",51810,547,487,39,39,0
"2319",51830,40,40,10,10,0
"2320",51840,455,389,48,48,0
"2321",53001,69,28,5,5,0
"2322",53003,62,25,4,4,0
"2323",53005,438,416,48,48,37
"2324",53007,265,221,28,28,6
"2325",53009,171,103,23,23,0
"2326",53011,814,746,99,99,22
"2327",53013,62,25,4,4,0
"2328",53015,346,166,18,18,0
"2329",53019,25,25,4,4,0
"2330",53021,95,25,4,4,0
"2331",53023,45,25,4,4,0
"2332",53025,173,123,24,24,0
"2333",53027,164,59,10,10,0
"2334",53029,37,30,6,6,0
"2335",53031,42,25,6,6,0
"2336",53033,5631,4217,636,636,211
"2337",53035,419,334,20,20,0
"2338",53037,50,25,6,6,0
"2339",53039,57,28,4,4,0
"2340",53041,153,152,10,10,0
"2341",53043,50,50,8,8,0
"2342",53045,68,25,6,6,0
"2343",53047,112,71,12,12,0
"2344",53049,51,35,6,6,0
"2345",53051,74,20,4,4,0
"2346",53053,2873,2401,226,226,83
"2347",53055,10,10,2,2,0
"2348",53057,205,205,34,34,0
"2349",53061,993,863,72,72,38
"2350",53063,2666,1896,158,158,128
"2351",53065,120,48,8,8,0
"2352",53067,500,411,72,72,0
"2353",53071,142,120,28,28,6
"2354",53073,253,207,24,24,0
"2355",53075,61,50,10,10,0
"2356",53077,327,258,52,52,0
"2357",54001,72,12,2,2,0
"2358",54003,195,146,21,21,4
"2359",54005,25,25,4,4,0
"2360",54007,25,25,4,4,0
"2361",54009,238,199,21,21,0
"2362",54011,1051,996,85,85,61
"2363",54013,42,25,4,4,0
"2364",54019,94,50,7,7,0
"2365",54023,45,25,3,3,0
"2366",54025,122,92,12,12,0
"2367",54027,44,14,2,2,0
"2368",54033,483,423,20,20,0
"2369",54035,25,25,4,4,0
"2370",54037,25,25,5,5,0
"2371",54039,822,1112,143,143,26
"2372",54041,220,220,6,6,0
"2373",54045,140,132,12,12,0
"2374",54047,124,49,7,7,0
"2375",54051,70,59,9,9,0
"2376",54053,201,94,5,5,0
"2377",54055,419,206,33,33,0
"2378",54057,25,25,4,4,0
"2379",54059,76,27,6,6,0
"2380",54061,975,890,123,123,39
"2381",54065,41,25,4,4,0
"2382",54067,105,49,6,6,0
"2383",54069,408,317,35,35,0
"2384",54075,25,25,4,4,0
"2385",54077,25,25,4,4,0
"2386",54081,473,413,27,27,0
"2387",54083,80,90,16,16,0
"2388",54087,60,25,4,4,0
"2389",54089,25,25,4,4,0
"2390",54091,25,25,4,4,0
"2391",54095,12,25,4,4,0
"2392",54097,151,25,4,4,0
"2393",54099,80,80,1,1,0
"2394",54101,15,25,4,4,0
"2395",54103,58,48,5,5,0
"2396",54107,342,270,18,18,0
"2397",55001,25,25,4,4,0
"2398",55003,35,25,4,4,0
"2399",55005,90,90,14,14,0
"2400",55009,1270,828,90,90,42
"2401",55013,25,25,4,4,0
"2402",55015,25,25,4,4,0
"2403",55017,218,127,10,10,0
"2404",55019,49,49,8,8,0
"2405",55021,98,68,10,10,0
"2406",55023,25,24,4,4,0
"2407",55025,2131,1790,104,104,127
"2408",55027,245,245,14,14,0
"2409",55029,25,25,4,4,0
"2410",55031,25,25,4,4,0
"2411",55033,25,25,5,5,0
"2412",55035,705,418,58,58,0
"2413",55039,189,158,15,15,0
"2414",55043,75,75,12,12,0
"2415",55045,95,58,6,6,0
"2416",55047,25,25,5,5,0
"2417",55049,25,25,4,4,0
"2418",55053,25,25,4,4,0
"2419",55055,49,49,4,4,0
"2420",55057,40,40,7,7,0
"2421",55059,389,274,27,27,0
"2422",55063,656,395,52,52,18
"2423",55065,25,25,4,4,0
"2424",55067,25,25,4,4,0
"2425",55069,43,40,7,7,0
"2426",55071,236,127,16,16,0
"2427",55073,440,338,52,52,14
"2428",55075,55,55,10,10,0
"2429",55079,4011,3152,483,483,112
"2430",55081,50,50,8,8,0
"2431",55083,35,32,6,6,0
"2432",55085,172,102,30,30,0
"2433",55087,517,466,69,69,15
"2434",55089,314,246,46,46,10
"2435",55091,25,25,4,4,0
"2436",55095,73,70,10,10,0
"2437",55097,94,84,12,12,0
"2438",55099,25,24,4,4,0
"2439",55101,476,343,39,39,18
"2440",55103,25,25,4,4,0
"2441",55105,562,367,36,36,0
"2442",55107,25,25,4,4,0
"2443",55109,100,100,16,16,0
"2444",55111,161,104,16,16,0
"2445",55113,25,25,4,4,0
"2446",55115,25,25,6,6,0
"2447",55117,370,189,13,13,6
"2448",55119,25,25,4,4,0
"2449",55121,43,43,9,9,0
"2450",55123,50,50,8,8,0
"2451",55125,25,14,2,2,0
"2452",55127,134,79,16,16,0
"2453",55129,50,45,7,7,0
"2454",55131,141,105,12,12,0
"2455",55133,1070,710,64,64,34
"2456",55135,25,25,4,4,0
"2457",55137,25,25,4,4,0
"2458",55139,795,687,60,60,0
"2459",55141,619,291,16,16,26
"2460",56001,99,66,4,4,0
"2461",56003,25,22,4,4,0
"2462",56005,90,66,14,14,0
"2463",56007,25,25,6,6,0
"2464",56009,25,25,5,5,0
"2465",56011,16,16,3,3,0
"2466",56013,146,133,12,12,0
"2467",56015,25,25,4,4,0
"2468",56017,25,25,4,4,0
"2469",56019,25,22,4,4,0
"2470",56021,236,200,16,16,0
"2471",56023,38,35,8,8,0
"2472",56025,414,372,27,27,0
"2473",56027,24,24,4,4,0
"2474",56029,50,50,8,8,0
"2475",56031,25,25,4,4,0
"2476",56033,88,71,12,12,0
"2477",56037,115,74,13,13,0
"2478",56039,48,48,6,6,0
"2479",56041,225,105,6,6,0
"2480",56043,18,18,3,3,0
"2481",56045,12,12,2,2,0
